{
  "pages": [
    {
      "id": 0,
      "name": "General"
    }
  ],
  "current_page_id": 0,
  "todos": [],
  "count": 0,
  "completedCount": 0,
  "isExpanded": false,
  "useCustomColors": false,
  "priorityColors": {
    "high": {
      "r": 1,
      "g": 0.7058823704719543,
      "b": 0.6705882549285889,
      "a": 1,
      "hsvHue": 0.01786111108958721,
      "hsvSaturation": 0.3294117748737335,
      "hsvValue": 1,
      "hslHue": 0.01786111108958721,
      "hslSaturation": 1,
      "hslLightness": 0.8352941274642944,
      "valid": true
    },
    "medium": {
      "r": 0.3019607961177826,
      "g": 0.8549019694328308,
      "b": 0.8392156958580017,
      "a": 1,
      "hsvHue": 0.4952777922153473,
      "hsvSaturation": 0.6467841863632202,
      "hsvValue": 0.8549019694328308,
      "hslHue": 0.4952777922153473,
      "hslSaturation": 0.6558175086975098,
      "hslLightness": 0.5784389972686768,
      "valid": true
    },
    "low": {
      "r": 0.7450980544090271,
      "g": 0.7882353067398071,
      "b": 0.7803921699523926,
      "a": 1,
      "hsvHue": 0.46969443559646606,
      "hsvSaturation": 0.054718852043151855,
      "hsvValue": 0.7882353067398071,
      "hslHue": 0.46969443559646606,
      "hslSaturation": 0.09243915230035782,
      "hslLightness": 0.766674280166626,
      "valid": true
    }
  }
}
